Date,Open,High,Low,Close,Adj Close,Volume,count,tb_polarity,tb_subjectivity,v_pos,v_neg,v_neu,v_com,mv_pos
4/1/2021,448.440002,450.390015,432.5,442.26001,442.26001,637100,122,0.038225093,0.412993852,0.09842623,0.078983607,0.822598361,0.052461475,0.146663934
5/1/2021,440.769989,448.779999,439.820007,448.350006,448.350006,387100,103,0.021435574,0.403405585,0.100223301,0.078932039,0.820834951,0.055137864,0.128262136
6/1/2021,440,476.51001,440,468.019989,468.019989,585500,80,0.045427786,0.33934776,0.1243375,0.0805125,0.79515,0.08667375,0.1680125
7/1/2021,473.390015,490.459991,468.980011,489.609985,489.609985,596900,113,0.040398955,0.414331084,0.107044248,0.081778761,0.81119469,0.066730088,0.141389381
8/1/2021,493,499,472.899994,484.450012,484.450012,456100,226,0.000937037,0.399093454,0.095650442,0.098070796,0.806243363,0.00615885,0.144429204
11/1/2021,480,494.600006,477.730011,488.450012,488.450012,430900,154,0.03196638,0.350020996,0.082532468,0.084344156,0.833097403,0.03432013,0.123662338
12/1/2021,490.850006,517.450012,490.850006,508.809998,508.809998,538200,104,0.040907318,0.379529657,0.099759615,0.083875,0.816365385,0.097627885,0.146134615
13/1/2021,508.359985,513.070007,501.75,503.089996,503.089996,415700,161,0.052808356,0.400789237,0.115993789,0.070720497,0.813291925,0.137434161,0.162807453
14/1/2021,506.269989,524.02002,505.390015,515.570007,515.570007,458200,176,0.06537847,0.381588268,0.099380682,0.060965909,0.8396875,0.11993125,0.154903409
15/1/2021,511.450012,518.400024,498.170013,507.359985,507.359985,466300,225,0.0361342,0.404469899,0.097271111,0.076017778,0.82672,0.049869333,0.138871111
19/1/2021,517.409973,517.409973,496.109985,500.98999,500.98999,493200,228,0.064124285,0.408889675,0.101622807,0.065188596,0.833188596,0.103762281,0.147710526
20/1/2021,506.709991,510.369995,497.679993,502.279999,502.279999,320200,178,0.064826898,0.375771375,0.101983146,0.054662921,0.843353933,0.147983708,0.147949438
21/1/2021,501.76001,513.97998,500.320007,501.200012,501.200012,334900,233,0.079849139,0.445220489,0.10706867,0.06848927,0.824429185,0.114606867,0.149064378
22/1/2021,497.100006,503.179993,488.179993,502.019989,502.019989,280500,442,0.033265008,0.419386418,0.099420814,0.073825792,0.826737557,0.079477602,0.145506787
25/1/2021,503.450012,516.960022,486.320007,495.690002,495.690002,345200,243,0.027822512,0.41023239,0.090242798,0.061028807,0.848716049,0.1001893,0.143069959
26/1/2021,501.820007,502.579987,490.049988,490.600006,490.600006,369600,71,0.060941405,0.407369814,0.088690141,0.059225352,0.852084507,0.134911268,0.138690141
27/1/2021,478.839996,482.529999,452.5,455.480011,455.480011,883400,1184,0.017830016,0.381481665,0.072844595,0.089728885,0.837428209,-0.030812922,0.117745777
28/1/2021,461.579987,492.049988,459.579987,476.75,476.75,629200,12054,0.002014896,0.39967876,0.079927908,0.113786046,0.806286544,-0.073081774,0.125511614
29/1/2021,473.290009,487,465.779999,475.359985,475.359985,349300,10180,0.020616822,0.429002887,0.094088703,0.101558546,0.804348625,-0.014885157,0.143325246
1/2/2021,478.359985,488.890015,471.700012,484.040009,484.040009,321100,3488,0.037278362,0.406755482,0.099628727,0.094545298,0.805820528,0.021243062,0.151089736
2/2/2021,493.709991,498.859985,480.089996,480.179993,480.179993,388300,2755,0.036041065,0.394496212,0.094225771,0.086332486,0.819445372,0.01342069,0.149018512
3/2/2021,483.200012,486.859985,472.869995,474.619995,474.619995,293500,769,0.030373277,0.426953017,0.101927178,0.091342003,0.806702211,0.032953186,0.140648895
4/2/2021,476.910004,488.98999,473.059998,487.76001,487.76001,234300,7,0.214866071,0.458571429,0.139714286,0.102714286,0.757571429,-0.041785714,0.158142857
5/2/2021,492,492.640015,481.890015,486.929993,486.929993,179200,7,0.214866071,0.458571429,0.139714286,0.102714286,0.757571429,-0.041785714,0.158142857
8/2/2021,490.690002,509.290009,490.690002,500.01001,500.01001,226900,365,0.028243076,0.46466121,0.100243836,0.100632877,0.799123288,0.003486849,0.127112329
9/2/2021,499.350006,506.709991,496.320007,498.450012,498.450012,210700,423,0.041498477,0.448641365,0.094104019,0.094742317,0.811146572,0.016734043,0.123257683
10/2/2021,503.709991,505.459991,489.540009,498.019989,498.019989,325100,383,0.019685073,0.415195347,0.09656658,0.106195822,0.797253264,0.042329243,0.13773107
11/2/2021,502.130005,524.219971,500,506.079987,506.079987,556000,422,0.015860698,0.415114715,0.095694313,0.102604265,0.801668246,-0.021692891,0.126881517
12/2/2021,500.829987,506.910004,483.019989,491.899994,491.899994,455500,337,0.029059051,0.452787773,0.098023739,0.10837092,0.793611276,-0.022986944,0.132350148
16/2/2021,494.329987,495.859985,482.480011,487.309998,487.309998,269600,122,-0.006472085,0.420197622,0.072590164,0.12747541,0.799885246,-0.117880328,0.10092623
17/2/2021,486.559998,487.26001,472.200012,483.690002,483.690002,416400,143,0.043768419,0.402501434,0.094769231,0.098545455,0.806692308,-0.020553846,0.123664336
18/2/2021,479,490.76001,473.529999,487.640015,487.640015,201100,1301,0.024099712,0.421321161,0.093750192,0.106963105,0.799283628,-0.042086241,0.117541891
19/2/2021,492.26001,509.079987,488.899994,505.200012,505.200012,326600,988,0.040358612,0.449552568,0.093782389,0.096640688,0.809607287,-0.011352024,0.118606275
22/2/2021,497.350006,516.349976,491.929993,500.519989,500.519989,355300,309,0.02514074,0.426845713,0.098977346,0.094278317,0.806728155,0.049455663,0.131187702
23/2/2021,484.549988,505.98999,465.309998,502.869995,502.869995,340500,267,0.045857145,0.408524719,0.102749064,0.095419476,0.801779026,0.0173603,0.131509363
24/2/2021,505.380005,510.470001,490.040009,509.25,509.25,228200,780,0.001936574,0.414446041,0.089051282,0.105985897,0.804969231,-0.04612359,0.115683333
25/2/2021,506.480011,516,472.859985,473.079987,473.079987,377600,1364,0.012764843,0.396189304,0.087041789,0.095129032,0.817818182,-0.012158138,0.11443695
26/2/2021,478.609985,502.100006,475.790009,490.369995,490.369995,337100,514,0.018705362,0.393372068,0.087661479,0.09592607,0.816398833,0.015823735,0.120844358
1/3/2021,502.880005,514.97998,498,505.959991,505.959991,313700,79,-0.008187025,0.457701194,0.091632911,0.09021519,0.818126582,0.017281013,0.126974684
2/3/2021,508.529999,511,485.809998,487.339996,487.339996,227900,239,0.074258054,0.385597488,0.098041841,0.093949791,0.808020921,0.085266946,0.128853556
3/3/2021,486.549988,492.769989,453.790009,460.01001,460.01001,483300,351,0.036199391,0.428295923,0.096353276,0.103458689,0.800196581,0.026046439,0.135230769
4/3/2021,453.149994,461.720001,432.01001,446.929993,446.929993,538000,305,0.044685099,0.409793337,0.104488525,0.087019672,0.808495082,0.06721082,0.131029508
5/3/2021,452.589996,453.880005,411.880005,449.019989,449.019989,607500,7,-0.034691301,0.600556586,0.080571429,0.09,0.829285714,-0.0346,0.101142857
8/3/2021,445.359985,465,436.119995,441.459991,441.459991,427800,187,-0.030515653,0.455861167,0.076855615,0.119256684,0.803887701,-0.032906952,0.10340107
9/3/2021,462.98999,473.640015,457.26001,458.170013,458.170013,406300,300,0.031410865,0.426361389,0.104303333,0.10378,0.79193,0.015172,0.127396667
10/3/2021,465,472.690002,451.609985,460.869995,460.869995,327100,518,0.030206543,0.406424943,0.090503861,0.103349421,0.806164093,-0.010846525,0.11707529
11/3/2021,470.190002,481.149994,465.859985,474.320007,474.320007,478700,237,0.006060184,0.406466678,0.084919831,0.110523207,0.80457384,-0.033170886,0.116396624
12/3/2021,473.75,482.48999,468,471.98999,471.98999,238100,192,0.020044285,0.394375004,0.076395833,0.090338542,0.83325,0.0155375,0.117442708
15/3/2021,468.98999,477.940002,463,465.309998,465.309998,328600,159,0.065072117,0.395595627,0.090358491,0.087232704,0.822389937,0.062077358,0.12763522
16/3/2021,470.339996,483.809998,457.660004,475.440002,475.440002,395500,174,0.024808225,0.410556091,0.091431034,0.100982759,0.807557471,0.060697126,0.125637931
17/3/2021,472.290009,484.790009,466.200012,477.029999,477.029999,454200,192,0.037787532,0.438592535,0.099026042,0.098026042,0.802942708,0.033746875,0.122604167
18/3/2021,480,511.519989,475.450012,485.880005,485.880005,845500,49,0.025442121,0.428607916,0.088592857,0.10465,0.806828571,0.033562143,0.1225
19/3/2021,492.549988,518.960022,483.570007,515.609985,515.609985,831300,49,0.025442121,0.428607916,0.088592857,0.10465,0.806828571,0.033562143,0.1225
22/3/2021,523.580017,540.48999,522.909973,528.659973,528.659973,636100,49,0.025442121,0.428607916,0.088592857,0.10465,0.806828571,0.033562143,0.1225
23/3/2021,520,538.130005,499.730011,508.5,508.5,659900,49,0.025442121,0.428607916,0.088592857,0.10465,0.806828571,0.033562143,0.1225
24/3/2021,515,516,483.799988,485.109985,485.109985,736200,49,0.025442121,0.428607916,0.088592857,0.10465,0.806828571,0.033562143,0.1225
25/3/2021,503.019989,534.549988,480.890015,529.080017,529.080017,1538300,49,0.025442121,0.428607916,0.088592857,0.10465,0.806828571,0.033562143,0.1225
26/3/2021,540,581.599976,535.369995,578.179993,578.179993,1994700,49,0.025442121,0.428607916,0.088592857,0.10465,0.806828571,0.033562143,0.1225
29/3/2021,578.179993,610,557.179993,565.900024,565.900024,1590500,80,0.028729788,0.378775327,0.0856875,0.076075,0.838225,-0.01335,0.119225
30/3/2021,564.179993,609.47998,564.179993,600,600,1134700,90,0.00528239,0.447442293,0.094077778,0.096933333,0.808966667,-0.030286667,0.122577778
31/3/2021,603.98999,619.52002,590.369995,596.599976,596.599976,783300,98,0.002183877,0.420929602,0.095765306,0.088020408,0.816234694,0.062784694,0.119897959
1/4/2021,603.369995,603.900024,586,595.630005,595.630005,385000,113,0.061415102,0.40151,0.104238938,0.066088496,0.829690265,0.097704425,0.141911504
5/4/2021,605.049988,606.97998,590.409973,592.929993,592.929993,395000,56,0.089394853,0.424159994,0.101357143,0.070482143,0.828214286,0.0419,0.152642857
6/4/2021,594.090027,611.98999,594,607.469971,607.469971,322800,71,0.063109652,0.377404057,0.085873239,0.072183099,0.841929577,0.019707042,0.130140845
7/4/2021,601,604.320007,580.320007,587.559998,587.559998,420400,67,0.044705001,0.407748771,0.08638806,0.109029851,0.804537313,-0.02271791,0.107746269
8/4/2021,591.469971,605.820007,589,600.969971,600.969971,306500,137,0.042432518,0.470208797,0.103313869,0.089649635,0.807043796,0.084372993,0.128233577
9/4/2021,597.419983,614.909973,597.419983,613.159973,613.159973,334100,161,0.02426196,0.396294345,0.104403727,0.089819876,0.805751553,0.081481366,0.138944099
12/4/2021,612,612.72998,597.01001,600.859985,600.859985,316100,139,0.026675135,0.39350179,0.101913728,0.081236209,0.81685459,0.087350429,0.134255948
13/4/2021,602.400024,603.48999,590.48999,596.340027,596.340027,379600,139,0.026675135,0.39350179,0.101913728,0.081236209,0.81685459,0.087350429,0.134255948
14/4/2021,600.090027,615.98999,597.609985,602.669983,602.669983,293000,118,0.029088309,0.390709236,0.099423729,0.072652542,0.827957627,0.093219492,0.129567797
15/4/2021,607.059998,619.47998,598.01001,614.75,614.75,388500,129,0.060307672,0.437699527,0.091945736,0.097689922,0.810372093,0.004073643,0.12920155
16/4/2021,617.099976,638.960022,614,634.5,634.5,595300,218,0.010138191,0.417381695,0.103637615,0.099816514,0.79653211,-0.012017431,0.129738532
19/4/2021,629.119995,643.969971,624.75,641.440002,641.440002,566100,52,0.024913018,0.490746508,0.1125,0.10625,0.781288462,0.017115385,0.140269231
20/4/2021,641.719971,641.73999,614.549988,636,636,912600,28,0.078891044,0.439821804,0.102357143,0.063321429,0.834178571,0.1484,0.12575
21/4/2021,634.929993,663.210022,629.01001,657,657,673500,21,0.14615337,0.379519171,0.085666667,0.066285714,0.847952381,0.08052381,0.085428571
22/4/2021,659.75,672.98999,646.429993,654.359985,654.359985,750200,67,0.083824546,0.424753909,0.084149254,0.087238806,0.828626866,0.005585075,0.107253731
23/4/2021,658.150024,689.849976,654.090027,687.98999,687.98999,805700,65,-0.01164011,0.397603175,0.079923077,0.101523077,0.818615385,-0.110663077,0.106753846
26/4/2021,687.98999,690,675.190002,688.5,688.5,980900,68,0.097135553,0.431703287,0.112529412,0.054941176,0.832529412,0.222651471,0.154794118
27/4/2021,679.880005,722.22998,678.049988,712.390015,712.390015,816400,151,0.06669434,0.372591021,0.086993377,0.072516556,0.840490066,0.067621192,0.113092715
28/4/2021,710.200012,726.099976,706.02002,720.01001,720.01001,604200,65,0.064853853,0.454864732,0.084430769,0.106169231,0.809446154,-0.016873846,0.113046154
29/4/2021,725,733.049988,704,705.450012,705.450012,641200,44,0.054679697,0.342740746,0.070659091,0.073477273,0.855818182,0.018743182,0.085545455
30/4/2021,700.799988,702.830017,684.960022,688.02002,688.02002,399600,66,0.019499522,0.381659665,0.095530303,0.078666667,0.825833333,0.032234848,0.126681818
3/5/2021,697.5,710.77002,690.200012,699.049988,699.049988,405800,68,0.055881657,0.417214017,0.11825,0.087058824,0.794691176,0.118525,0.159455882
4/5/2021,689,695.48999,665,687.200012,687.200012,520000,84,0.046705463,0.397939175,0.103321429,0.110261905,0.786428571,-0.00734881,0.135464286
5/5/2021,693,694.929993,674.169983,681.159973,681.159973,261400,77,0.030848184,0.465622881,0.09387013,0.089207792,0.816857143,0.042954545,0.132194805
6/5/2021,677.299988,686.710022,670.840027,684.969971,684.969971,274400,59,0.0528249,0.387533575,0.116949153,0.068254237,0.814830508,0.071861017,0.149813559
7/5/2021,684.27002,707.320007,680.340027,701,701,352200,63,0.046813118,0.421094021,0.112095238,0.061380952,0.82647619,0.13375873,0.134063492
10/5/2021,702.47998,706.700012,680.27002,680.309998,680.309998,389500,48,-0.03599431,0.424842632,0.072125,0.1275,0.800375,-0.023879167,0.100520833
11/5/2021,659.580017,674.080017,647.380005,653.429993,653.429993,836300,60,-0.030080467,0.428380899,0.084283333,0.121983333,0.793666667,-0.026345,0.106583333
12/5/2021,645.440002,649.869995,616.809998,625.01001,625.01001,681300,38,0.104513161,0.459473724,0.123605263,0.060868421,0.815526316,0.190881579,0.166131579
13/5/2021,630.650024,643.98999,621.599976,629.650024,629.650024,321000,39,0.026555967,0.370876639,0.117025641,0.087025641,0.795974359,0.082441026,0.133641026
14/5/2021,637.359985,658.530029,635,649.820007,649.820007,364200,42,0.098548849,0.437534596,0.115714286,0.116071429,0.768214286,0.029430952,0.146071429
17/5/2021,651.159973,653.919983,629.210022,633.309998,633.309998,353000,34,-0.010214686,0.501823487,0.086794118,0.145735294,0.767382353,-0.176441176,0.121470588
18/5/2021,639.440002,640,627.25,628.119995,628.119995,488700,41,0.150149895,0.466754354,0.146341463,0.052170732,0.801487805,0.189219512,0.165804878
19/5/2021,616,618.48999,603.599976,616.309998,616.309998,499300,45,0.115237127,0.445980994,0.133066667,0.076577778,0.790355556,0.125893333,0.153711111
20/5/2021,620,625.780029,608.380005,609.880005,609.880005,425100,43,0.010278624,0.325401593,0.080069767,0.069,0.850883721,0.071418605,0.109627907
21/5/2021,617.849976,621.400024,597.289978,605.929993,605.929993,511800,40,0.062359919,0.330485445,0.0864,0.097375,0.8162,-0.0553475,0.119425
24/5/2021,610.890015,622.719971,608.070007,615.109985,615.109985,358200,49,0.087772092,0.430174185,0.087857143,0.074816327,0.837346939,0.031642857,0.139795918
25/5/2021,625.900024,649.070007,622.590027,638,638,612300,36,0.05550966,0.326783729,0.101166667,0.097277778,0.801611111,0.005436111,0.125083333
26/5/2021,641.900024,650,631.340027,638.599976,638.599976,409700,102,-0.006881959,0.35028827,0.114058824,0.106392157,0.77954902,0.034973529,0.137735294
27/5/2021,645,648.799988,633.080017,644.01001,644.01001,344700,108,0.04732785,0.430570531,0.112601852,0.119314815,0.768064815,-0.012475926,0.15262963
28/5/2021,644,648.849976,635,641.049988,641.049988,212300,99,0.02714804,0.425737494,0.077727273,0.080777778,0.841525253,0.038641414,0.122353535
1/6/2021,647.97998,662.700012,633.01001,636.340027,636.340027,543600,35,-0.029883014,0.405096681,0.09,0.074942857,0.835028571,0.04908,0.1228
2/6/2021,636.450012,639.809998,611.26001,623.309998,623.309998,460200,197,-0.009755988,0.386142429,0.080786802,0.105624365,0.813573604,-0.032036041,0.106304569
3/6/2021,618.450012,619.340027,604.099976,611.539978,611.539978,362700,165,0.033355177,0.389204462,0.09390303,0.081836364,0.824206061,0.024275152,0.138745455
4/6/2021,615,618.099976,602.219971,613.219971,613.219971,404000,63,0.101713975,0.395118246,0.096063492,0.084571429,0.819333333,0.070174603,0.116904762
7/6/2021,620,626.909973,614.599976,624.419983,624.419983,456600,59,0.010360258,0.391599293,0.096830508,0.093135593,0.81,0.000205085,0.121762712
8/6/2021,625.01001,634.47998,619.419983,628.830017,628.830017,391600,96,0.016034163,0.446114293,0.08996875,0.091229167,0.8188125,0.039582292,0.13221875
9/6/2021,628.830017,632.669983,609.76001,611.330017,611.330017,976700,105,0.082133108,0.373330357,0.1144,0.072390476,0.8132,0.11271619,0.145419048
10/6/2021,686.030029,714.690002,681,707.140015,707.140015,3847400,74,0.049240486,0.390421566,0.124567568,0.072202703,0.803297297,0.097547297,0.175878378
11/6/2021,715.77002,719.77002,677,682.52002,682.52002,939800,55,0.106506657,0.427379936,0.130436364,0.082127273,0.787436364,0.172478182,0.162581818
14/6/2021,679.960022,696.359985,667.530029,675.309998,675.309998,618500,50,0.085538121,0.434178544,0.11112,0.08338,0.80546,0.106098,0.15468
15/6/2021,665.98999,673,655.76001,662.349976,662.349976,433300,37,0.057013608,0.431660748,0.101540541,0.082054054,0.816378378,0.052605405,0.115972973
16/6/2021,659.419983,661,646.359985,657.77002,657.77002,482200,24,0.034046604,0.382072786,0.068916667,0.087083333,0.844041667,-0.026445833,0.111041667
17/6/2021,650.299988,668.52002,639,656.549988,656.549988,804600,49,0.072025604,0.477459744,0.090061224,0.113918367,0.796040816,0.022408163,0.125612245
18/6/2021,647.380005,675.719971,646.789978,653.419983,653.419983,768800,35,0.042652314,0.388793427,0.120485714,0.082685714,0.7968,0.154111429,0.169085714
21/6/2021,657.809998,682.530029,654.140015,680.719971,680.719971,583100,19,0.097013936,0.449778423,0.115052632,0.090263158,0.794789474,0.121847368,0.132736842
22/6/2021,680.719971,684.47998,668.690002,676.73999,676.73999,423200,23,0.022360562,0.471318621,0.119086957,0.115478261,0.765565217,0.056782609,0.152782609
23/6/2021,675.22998,691.159973,671.599976,685.450012,685.450012,313500,27,0.13276749,0.303638668,0.121296296,0.043925926,0.834777778,0.137540741,0.149814815
24/6/2021,696.469971,697.969971,674.039978,677.179993,677.179993,447000,41,0.008424628,0.343094587,0.09497561,0.078804878,0.826268293,0.096307317,0.136463415
25/6/2021,682.72998,698.919983,681.01001,690.719971,690.719971,2278900,33,0.085736468,0.455282072,0.104757576,0.10469697,0.790545455,0.017248485,0.13269697
28/6/2021,690.719971,698,682,689.369995,689.369995,428800,22,-0.025396485,0.484757481,0.123545455,0.156,0.720454545,-0.0473,0.157090909
29/6/2021,693.409973,697.450012,686,689.77002,689.77002,388400,31,0.132237932,0.449516013,0.122258065,0.088032258,0.789774194,0.041580645,0.124193548
30/6/2021,686.059998,694.359985,674.940002,679,679,349100,25,0.015678139,0.397759091,0.12428,0.09992,0.77584,0.145672,0.14212
1/7/2021,690.559998,694.98999,681.840027,690.539978,690.539978,499700,62,0.054894845,0.389779144,0.122,0.100677419,0.777387097,0.050953226,0.175016129
2/7/2021,691.940002,693.530029,673.950012,689.880005,689.880005,446300,78,0.011609759,0.404198431,0.097576923,0.105692308,0.796730769,0.012021795,0.132653846
6/7/2021,687,692.849976,675.429993,690.700012,690.700012,417600,35,0.083908056,0.521467782,0.128257143,0.085428571,0.786257143,0.220685714,0.151
7/7/2021,690.01001,724.01001,689.789978,708.359985,708.359985,779200,37,0.008201818,0.379301131,0.067378378,0.07527027,0.857297297,0.048656757,0.113918919
8/7/2021,688.02002,695,669.599976,692.969971,692.969971,547900,41,-0.074041812,0.435496193,0.080439024,0.112365854,0.807170732,-0.054407317,0.108365854
9/7/2021,701.309998,715.590027,694.080017,706.299988,706.299988,408700,44,0.058298362,0.363679386,0.101977273,0.077545455,0.820477273,0.064559091,0.131340909
12/7/2021,705.049988,720.450012,701.830017,713.52002,713.52002,332500,22,0.057024399,0.384691003,0.119863636,0.080045455,0.8,0.123377273,0.157045455
13/7/2021,712.25,718.390015,703.669983,708.330017,708.330017,294200,14,0.164370748,0.456235828,0.100642857,0.063214286,0.836214286,0.118035714,0.147
14/7/2021,715.200012,716.409973,679,680.090027,680.090027,428200,11,-0.015954878,0.369074259,0.058818182,0.068545455,0.872636364,0.019345455,0.080818182
15/7/2021,677.640015,677.640015,656.599976,667.73999,667.73999,344100,19,0.064746643,0.404869994,0.109263158,0.066052632,0.824631579,0.140068421,0.175578947
16/7/2021,669.929993,673.940002,657.73999,661.640015,661.640015,347700,17,-0.005459851,0.278650794,0.059529412,0.104882353,0.835588235,-0.137929412,0.090647059
19/7/2021,643.559998,661,640.890015,651.880005,651.880005,341900,44,0.017771897,0.479316796,0.104409091,0.121477273,0.774181818,-0.019231818,0.141909091
20/7/2021,652.76001,665.22998,644,659.780029,659.780029,329900,27,0.004513026,0.509897426,0.057222222,0.169703704,0.773185185,-0.174507407,0.085259259
21/7/2021,663.059998,683.409973,662.309998,673.609985,673.609985,259100,24,0.023576088,0.498355129,0.114458333,0.0605,0.825125,0.115841667,0.185291667
22/7/2021,671.219971,678.26001,663.51001,675.039978,675.039978,233800,28,0.069564504,0.430997841,0.122178571,0.088178571,0.789678571,0.123939286,0.139107143
23/7/2021,680,691.73999,674.450012,685,685,246700,19,0.044993695,0.378902516,0.103789474,0.058578947,0.837526316,0.1223,0.174
26/7/2021,683.01001,687.289978,673.340027,677.710022,677.710022,186800,21,0.081895292,0.372970328,0.109619048,0.098857143,0.791571429,0.008628571,0.131285714
27/7/2021,676.190002,676.190002,658.25,673.070007,673.070007,262200,25,0.059991342,0.31981241,0.1058,0.1048,0.78948,0.059864,0.13516
28/7/2021,675.700012,679.059998,670.429993,673.119995,673.119995,151600,66,0.111086806,0.447347107,0.119484848,0.084348485,0.79619697,0.159775758,0.145939394
29/7/2021,674.530029,684.349976,666.840027,669.76001,669.76001,319000,267,0.022398371,0.441051494,0.092868914,0.103868914,0.803269663,-0.01745618,0.130164794
30/7/2021,663.580017,675,658.830017,664.080017,664.080017,290900,132,0.007892649,0.478879808,0.100378788,0.143969697,0.755674242,-0.02602197,0.125484848
2/8/2021,667.98999,670.799988,657.47998,657.77002,657.77002,291500,45,-0.041737109,0.456987719,0.081244444,0.125844444,0.792955556,-0.122895556,0.099111111
3/8/2021,658.169983,662.640015,649.169983,660.97998,660.97998,247800,182,0.070924159,0.470835663,0.128362637,0.095131868,0.7765,0.115926374,0.152346154
4/8/2021,661.849976,694.98999,658.98999,676.080017,676.080017,447900,306,0.039987748,0.468000414,0.101924837,0.091745098,0.80630719,0.013155556,0.129022876
5/8/2021,678,688.48999,674.619995,679.97998,679.97998,223800,145,0.061771946,0.482726544,0.100372414,0.10482069,0.794855172,-0.00716069,0.135613793
6/8/2021,687.700012,695.289978,673.469971,674.98999,674.98999,252500,83,0.024435113,0.416267296,0.115373494,0.084481928,0.800192771,0.050591566,0.145807229
9/8/2021,675.01001,700.73999,670.840027,688.840027,688.840027,390000,25,0.05038278,0.465014334,0.10788,0.12316,0.76892,-0.0726,0.13564
10/8/2021,689.47998,724.880005,689.47998,719.700012,719.700012,483600,19,0.040348219,0.419308878,0.113315789,0.084210526,0.802421053,0.164394737,0.150421053
11/8/2021,721.210022,741.580017,717.48999,733.440002,733.440002,539900,24,-0.082571216,0.363248417,0.094125,0.064833333,0.840958333,0.046533333,0.118791667
12/8/2021,733.809998,744.559998,725,738.52002,738.52002,324200,32,0.042624026,0.461196863,0.10346875,0.0778125,0.8186875,0.069971875,0.1321875
13/8/2021,740,740.25,710.159973,722.940002,722.940002,406200,18,0.04989261,0.439979825,0.067722222,0.141833333,0.790222222,-0.177916667,0.130444444
16/8/2021,712,718.909973,697.02002,714.97998,714.97998,240800,23,0.071998792,0.396479469,0.104347826,0.053869565,0.841826087,0.107095652,0.151130435
17/8/2021,704.469971,704.469971,676.380005,688.030029,688.030029,439400,20,0.104319029,0.404453738,0.1112,0.10135,0.78725,-0.00041,0.14965
18/8/2021,688,700.179993,681.27002,683.719971,683.719971,313700,60,-0.002464175,0.415335317,0.084466667,0.145883333,0.76965,-0.120228333,0.11275
19/8/2021,673.469971,683.380005,666,673.340027,673.340027,309400,47,-0.0141907,0.425141987,0.10393617,0.106787234,0.789276596,-0.051665957,0.144765957
20/8/2021,677.890015,691.97998,664.76001,690.840027,690.840027,329300,29,-0.006416256,0.44181445,0.083413793,0.088034483,0.828655172,-0.022396552,0.090724138
23/8/2021,695.700012,701.950012,691.349976,693.73999,693.73999,224800,16,0.009933036,0.456374008,0.0715625,0.0910625,0.8373125,-0.05376875,0.0985625
24/8/2021,698.01001,708,693.219971,701.299988,701.299988,170300,32,0.078471675,0.447112333,0.1445,0.1094375,0.74609375,0.171690625,0.1700625
25/8/2021,703.549988,711.419983,691.169983,708.26001,708.26001,314000,35,0.010007275,0.427423048,0.090371429,0.100514286,0.809057143,0.040174286,0.109085714
26/8/2021,726.809998,726.809998,697.52002,709.5,709.5,409700,25,-0.032190741,0.352203775,0.0696,0.10336,0.82704,-0.027672,0.09736
27/8/2021,708.97998,716.200012,702.969971,706.539978,706.539978,243800,18,0.096455026,0.343686067,0.103666667,0.084944444,0.811444444,0.038511111,0.137333333
30/8/2021,711.47998,730.530029,709.309998,716.75,716.75,366200,45,0.017376271,0.462536143,0.116222222,0.127422222,0.756444444,0.018842222,0.145866667
31/8/2021,711.950012,712.049988,692.419983,700.669983,700.669983,369700,52,0.029195514,0.464287146,0.10125,0.080365385,0.818384615,0.093213462,0.135576923
1/9/2021,701.299988,710.539978,699.039978,704.690002,704.690002,271000,30,-0.012250481,0.394273088,0.0819,0.1447,0.7735,-0.016386667,0.119033333
2/9/2021,707,711.679993,668.710022,672,672,881700,24,0.004055294,0.405465797,0.121916667,0.075166667,0.802958333,0.1336,0.139791667
3/9/2021,672,684.77002,660,678.630005,678.630005,445900,11,-0.068138528,0.461029942,0.061545455,0.099818182,0.838545455,-0.187554545,0.090818182
7/9/2021,683.700012,686,663.030029,664.26001,664.26001,430300,15,0.037138889,0.40887963,0.1316,0.0812,0.7872,0.161593333,0.179333333
8/9/2021,665.01001,673.719971,647.98999,672.650024,672.650024,1116900,31,-0.007039316,0.351146236,0.083967742,0.108064516,0.808,0.041209677,0.11983871
9/9/2021,706.280029,733.98999,692.01001,725,725,2014400,25,0.050201365,0.448005553,0.0978,0.1328,0.76928,-0.007668,0.13456
10/9/2021,721.320007,733.099976,692.539978,694.469971,694.469971,799100,22,-0.040932458,0.380383411,0.100454545,0.111363636,0.788,0.002304545,0.120318182
13/9/2021,692.23999,705,680.47998,700.950012,700.950012,427500,66,0.016661419,0.529934629,0.120060606,0.085757576,0.794227273,0.060340909,0.144060606
14/9/2021,700.01001,706.900024,690.099976,690.940002,690.940002,323400,15,0.079034392,0.536164021,0.100133333,0.1052,0.794666667,-0.014233333,0.111
15/9/2021,686.359985,694.580017,674.01001,684.98999,684.98999,504000,35,0.03532921,0.404201866,0.125171429,0.1014,0.7734,0.016788571,0.136142857
16/9/2021,681.099976,691.419983,673.940002,685.440002,685.440002,437300,43,0.042241756,0.386034053,0.120139535,0.101883721,0.777930233,0.06714186,0.15044186
17/9/2021,680,681.820007,669.919983,672.150024,672.150024,535800,33,0.044285769,0.37400903,0.083727273,0.092454545,0.823818182,-0.004630303,0.112272727
20/9/2021,661.640015,674.780029,655.960022,667.25,667.25,489200,26,0.085923382,0.438138736,0.104653846,0.125038462,0.770269231,-0.021,0.126653846
21/9/2021,675,682.280029,656.01001,673.659973,673.659973,458300,23,-0.052549172,0.423792271,0.120869565,0.110043478,0.769217391,0.028917391,0.140869565
22/9/2021,675.780029,694.460022,672.26001,685.369995,685.369995,382700,24,0.012242678,0.441790627,0.092333333,0.089375,0.818291667,-0.021641667,0.119416667
23/9/2021,694.409973,706.650024,683.76001,686.210022,686.210022,330400,32,0.029471288,0.433734092,0.1123125,0.10875,0.7789375,0.048028125,0.15778125
24/9/2021,679,695.630005,674.01001,686.679993,686.679993,273700,17,-0.024600204,0.453164099,0.097117647,0.125117647,0.777647059,-0.021217647,0.139470588
27/9/2021,683.030029,708.580017,683.030029,704.52002,704.52002,366000,43,-0.006376754,0.44153436,0.114209302,0.08772093,0.798069767,0.081490698,0.135767442
28/9/2021,695.969971,700.630005,682.700012,683.76001,683.76001,1057800,17,-0.071043709,0.409468954,0.069529412,0.055352941,0.875058824,-0.035223529,0.077058824
29/9/2021,688.880005,696.47998,677.26001,695.02002,695.02002,406800,30,-0.0014903,0.357995811,0.083766667,0.102066667,0.814166667,-0.041423333,0.095566667
30/9/2021,686.940002,688.690002,661.390015,666.909973,666.909973,978300,26,0.080364747,0.412976081,0.086846154,0.095384615,0.817807692,-0.052553846,0.116615385
1/10/2021,665,667.049988,641,646.450012,646.450012,839400,85,0.03489869,0.439933482,0.077223529,0.097023529,0.825705882,-0.043905882,0.111811765
4/10/2021,646.97998,648.320007,620,631.700012,631.700012,732200,31,0.066444664,0.435648453,0.096129032,0.115419355,0.788483871,-0.103435484,0.109225806
5/10/2021,637.450012,648.880005,631.210022,635.5,635.5,362000,24,0.077706548,0.497549603,0.146125,0.069958333,0.784,0.198883333,0.1725
6/10/2021,632.070007,637.159973,622.460022,630.01001,630.01001,370500,15,0.034,0.27558642,0.124,0.030066667,0.845933333,0.201673333,0.159866667
7/10/2021,643.210022,657.890015,640.700012,652.47998,652.47998,492400,18,0.040415063,0.518010161,0.088388889,0.080222222,0.831388889,0.026127778,0.167666667
8/10/2021,645.619995,652,636.099976,646.809998,646.809998,307600,10,0.095089631,0.42753932,0.1214,0.0606,0.8181,0.23276,0.1306
11/10/2021,645.299988,651,638.059998,638.059998,638.059998,217900,12,-0.044909061,0.424373347,0.078916667,0.123583333,0.797583333,-0.082883333,0.123833333
12/10/2021,642.22998,649.059998,636.710022,645.590027,645.590027,323300,7,-0.042857143,0.619444444,0.094857143,0.065428571,0.839571429,-0.025571429,0.113428571
13/10/2021,645.280029,645.97998,632.299988,638.619995,638.619995,290800,32,0.010629077,0.529929128,0.10559375,0.1121875,0.78228125,-0.044896875,0.13128125
14/10/2021,638.5,656.469971,637.25,653.530029,653.530029,355800,14,0.05760582,0.355245654,0.094357143,0.053357143,0.852285714,0.112014286,0.157642857
15/10/2021,657.700012,673.909973,654.929993,659.070007,659.070007,448100,35,-0.050073902,0.450584914,0.097485714,0.129228571,0.773342857,-0.06396,0.120628571
18/10/2021,657.429993,698.75,657.400024,689.630005,689.630005,667300,33,0.082447157,0.525659371,0.115424242,0.095545455,0.788909091,0.061206061,0.150242424
19/10/2021,688.429993,699.140015,673.599976,674.97998,674.97998,323900,21,-0.113572373,0.387405518,0.083428571,0.109428571,0.807190476,-0.099171429,0.12347619
20/10/2021,675,687.880005,675,678.469971,678.469971,250200,19,0.077235471,0.368377193,0.126578947,0.092684211,0.780789474,0.056894737,0.149157895
21/10/2021,672.950012,681.039978,665.669983,672.409973,672.409973,239100,21,0.008877718,0.450902027,0.090761905,0.086571429,0.822809524,0.107704762,0.116809524
22/10/2021,668.869995,673.640015,659.849976,667.570007,667.570007,290500,52,0.049917623,0.412359857,0.097326923,0.090942308,0.811711538,-0.069367308,0.14025
25/10/2021,667.669983,672.97998,652,669.280029,669.280029,347500,17,0.035919303,0.386901924,0.089588235,0.086352941,0.824058824,0.072617647,0.122117647
26/10/2021,674.5,675.01001,652,659.320007,659.320007,303500,26,0.201140006,0.480202263,0.126576923,0.106192308,0.767269231,0.063538462,0.157230769
27/10/2021,664.700012,664.700012,649.609985,653.52002,653.52002,239500,75,-0.014918261,0.433075601,0.08728,0.123613333,0.789186667,-0.058709333,0.10588
28/10/2021,661.280029,663.969971,656.76001,659.469971,659.469971,195100,35,0.013505952,0.43271438,0.103257143,0.125342857,0.771371429,-0.068857143,0.130085714
29/10/2021,652.880005,664.130005,651.01001,659.630005,659.630005,237800,35,0.103788394,0.422942795,0.119857143,0.108942857,0.7712,0.129582857,0.14
1/11/2021,664,676.48999,656.5,669.150024,669.150024,294000,17,0.067064553,0.516732451,0.177470588,0.055764706,0.766705882,0.330429412,0.241294118
2/11/2021,667.679993,669.539978,653.880005,659.429993,659.429993,315000,13,-0.001282051,0.336602564,0.104846154,0.095538462,0.799538462,0.104807692,0.113923077
3/11/2021,656.919983,689.809998,655.849976,676.580017,676.580017,404400,39,0.00480871,0.336524895,0.104358974,0.092512821,0.803230769,0.003323077,0.146076923
4/11/2021,678.960022,680.900024,661.330017,662.570007,662.570007,311300,43,0.061641575,0.331349901,0.061581395,0.066860465,0.871581395,-0.02112093,0.086930233
5/11/2021,667.690002,670.950012,652.75,660.090027,660.090027,338900,28,0.106281673,0.516574224,0.119928571,0.072285714,0.807785714,0.079296429,0.150428571
8/11/2021,662.76001,665.969971,642.51001,657.98999,657.98999,319600,25,0.00018254,0.408458333,0.10756,0.13092,0.7614,-0.099088,0.13808
9/11/2021,657.5,664,649.51001,652.27002,652.27002,313400,52,0.023818872,0.3961817,0.071,0.087134615,0.841903846,0.053305769,0.104346154
10/11/2021,648.73999,648.73999,631.099976,636.73999,636.73999,382600,16,0.033063785,0.397221057,0.1035625,0.062875,0.8335,0.17018125,0.1134375
11/11/2021,641.619995,643.98999,629.400024,635.429993,635.429993,392600,33,0.008455988,0.422993025,0.081909091,0.11169697,0.806363636,-0.055418182,0.119484848
12/11/2021,629.799988,638.419983,626,635.659973,635.659973,333500,28,0.078971733,0.454387304,0.087678571,0.142107143,0.77025,-0.162396429,0.11475
15/11/2021,639.140015,653.25,637.880005,649.289978,649.289978,319500,24,0.034668761,0.469223449,0.105541667,0.090416667,0.804083333,0.044091667,0.140208333
16/11/2021,649.289978,656.900024,642.01001,651,651,302500,17,-0.030468021,0.564795752,0.099647059,0.131058824,0.769235294,-0.044335294,0.162058824
17/11/2021,656,656.059998,618.619995,624.01001,624.01001,538700,33,-0.033285835,0.434895209,0.108545455,0.098090909,0.793363636,-0.044033333,0.124757576
18/11/2021,628.059998,645,623,643.049988,643.049988,361400,19,0.086164717,0.360347396,0.129842105,0.077842105,0.792210526,0.160310526,0.153105263
19/11/2021,639.909973,651.48999,637.27002,644.890015,644.890015,296600,23,0.058914769,0.454556591,0.166782609,0.084608696,0.748652174,0.107517391,0.230652174
22/11/2021,643.77002,645.200012,624.52002,627.109985,627.109985,430000,25,0.00190772,0.416431426,0.11476,0.08276,0.80252,0.044564,0.1282
23/11/2021,621.039978,621.599976,598.080017,604.450012,604.450012,611100,8,-0.0109375,0.386830357,0.053,0.087375,0.859625,-0.0380625,0.065875
24/11/2021,599.039978,610.419983,590.469971,605.179993,605.179993,298900,28,0.009534369,0.310292068,0.109178571,0.089571429,0.801285714,0.018925,0.144107143
26/11/2021,596,607.929993,593.72998,599.340027,599.340027,141900,17,-0.007434641,0.330718954,0.057294118,0.070823529,0.871764706,-0.0941,0.089882353