Date,Open,High,Low,Close,Adj Close,Volume,count,tb_polarity,tb_subjectivity,v_pos,v_neg,v_neu,v_com,mv_pos,mv_neg,mv_neu,mv_com,Movement,rsi,Prediction
4/1/2021,8.43,9.19,8.4,9,9,17761800,69,0.115554713,0.288504878,0.103753623,0.020275362,0.875985507,0.249717391,0.224942029,0.036463768,0.738550725,0.429591304,1,1,correct
5/1/2021,9.12,9.54,8.94,9.51,9.51,17399800,90,0.11109295,0.272213981,0.112766667,0.043122222,0.844088889,0.219245556,0.194955556,0.045877778,0.759133333,0.319856667,1,1,correct
6/1/2021,11.02,12.04,10.52,10.77,10.77,63201800,378,0.079690058,0.313658802,0.10944709,0.048886243,0.841671958,0.110882804,0.202944444,0.059679894,0.737396825,0.252667989,-1,1,incorrect
7/1/2021,11.87,12.72,11.03,11.34,11.34,44603200,174,0.013058444,0.251849435,0.078373563,0.06166092,0.859982759,0.084904598,0.161195402,0.079931034,0.758844828,0.17714023,-1,-1,correct
8/1/2021,11.38,11.89,10.68,11.31,11.31,25224400,65,0.035656036,0.263952693,0.092815385,0.054584615,0.8526,0.137926154,0.211276923,0.062461538,0.726261538,0.299364615,-1,1,incorrect
11/1/2021,11.05,12.72,11.02,12.33,12.33,29367700,54,0.067773459,0.331080255,0.097962963,0.036888889,0.865111111,0.207237037,0.171111111,0.077092593,0.751796296,0.291790741,1,1,correct
12/1/2021,12.68,13.54,12.18,13.35,13.35,30375400,56,0.035345805,0.191446995,0.074535714,0.029839286,0.895625,0.158944643,0.135446429,0.060089286,0.804464286,0.205823214,1,1,correct
13/1/2021,13.84,15.87,13.55,15.02,15.02,51322500,168,0.04429028,0.237020902,0.086178571,0.047541667,0.866261905,0.110576786,0.178160714,0.070005952,0.751845238,0.228613095,1,1,correct
14/1/2021,15.46,19.41,15.46,18.559999,18.559999,82216400,333,0.055336552,0.265545257,0.084768769,0.046957958,0.868276276,0.10168018,0.16903003,0.056078078,0.774900901,0.238202102,1,1,correct
15/1/2021,21.58,22.610001,18.57,19.700001,19.700001,98370100,328,0.008224361,0.263761246,0.082179878,0.056753049,0.861060976,0.066217378,0.161237805,0.069670732,0.769085366,0.19312622,-1,1,incorrect
19/1/2021,19.17,20.200001,17.4,20.09,20.09,43118500,262,0.037277892,0.304693887,0.079480916,0.06769084,0.852824427,0.087472901,0.163465649,0.076156489,0.760381679,0.206933588,1,1,correct
20/1/2021,19.389999,19.959999,18.5,18.790001,18.790001,26242300,118,0.025909224,0.252940639,0.078983051,0.059305085,0.861694915,0.071177119,0.142881356,0.077881356,0.779220339,0.124835593,-1,-1,correct
21/1/2021,18.059999,18.379999,17.17,17.92,17.92,25972100,92,-0.020764766,0.251568713,0.059315217,0.089467391,0.85125,0.010918478,0.140684783,0.112608696,0.746695652,0.111997826,-1,-1,correct
22/1/2021,17.040001,18.549999,17,18.02,18.02,20946000,62,0.039968389,0.289003972,0.08733871,0.062580645,0.850048387,0.071679032,0.15016129,0.068758065,0.781064516,0.217546774,1,1,correct
25/1/2021,17.780001,18.299999,15.6,17.18,17.18,26222800,20,0.10528692,0.336886632,0.108235294,0.053235294,0.838647059,0.226152941,0.200235294,0.065117647,0.734705882,0.345358824,-1,1,incorrect
26/1/2021,18.27,19.85,18,19.030001,19.030001,34360300,20,0.029166667,0.104166667,0,0.038,0.962,-0.1589,0.389666667,0.111666667,0.498666667,0.238766667,1,1,correct
27/1/2021,17.799999,21.5,17.57,18.549999,18.549999,37553400,20,0.047445437,0.28921627,0.1017,0.03275,0.86555,0.081725,0.1453,0.04815,0.80655,0.195715,1,1,correct
28/1/2021,19.01,20.73,18.43,18.700001,18.700001,26265300,25,0.064666667,0.232,0.12616,0.03892,0.83492,0.127264,0.199,0.05476,0.74624,0.206144,-1,1,incorrect
29/1/2021,18.83,20.42,17.92,18.1,18.1,29193900,19,0.018975583,0.215284694,0.100842105,0.057157895,0.842,0.1921,0.128368421,0.087157895,0.784473684,0.176689474,-1,-1,correct
1/2/2021,19,19.48,17.780001,19.1,19.1,20854700,41,0.107209002,0.293108204,0.10404878,0.019073171,0.876853659,0.17162439,0.205097561,0.026487805,0.768414634,0.311653659,1,1,correct
2/2/2021,19.76,24.08,19.299999,23.49,23.49,63160700,131,0.101079912,0.30559435,0.104450382,0.038229008,0.857328244,0.153708397,0.176503817,0.051709924,0.771770992,0.263574046,1,1,correct
3/2/2021,25.459999,28.860001,24.700001,26.309999,26.309999,83712200,255,0.05373275,0.256389683,0.088019608,0.036176471,0.875796078,0.155281176,0.163517647,0.044286275,0.792184314,0.287289804,1,1,correct
4/2/2021,25.549999,27.4,23.799999,26.780001,26.780001,33097900,0,0,0,0,0,0,0,0,0,0,0,1,-1,incorrect
5/2/2021,27.129999,27.35,25.610001,25.719999,25.719999,21523800,0,0,0,0,0,0,0,0,0,0,0,-1,-1,correct
8/2/2021,26.34,30.6,25.950001,30.09,30.09,37459500,139,0.095785132,0.290839648,0.088971223,0.040510791,0.870546763,0.167335252,0.154021583,0.057309353,0.788676259,0.278525899,1,1,correct
9/2/2021,35.18,45.490002,34.259998,42.349998,42.349998,133491300,1204,0.071157338,0.296172014,0.09461794,0.043167774,0.862210133,0.142577409,0.161020764,0.063240864,0.775742525,0.231770349,1,1,correct
10/2/2021,65.830002,67,47,63.91,63.91,199442400,2808,0.054366784,0.343304355,0.100803775,0.049010684,0.850189103,0.143029843,0.164891026,0.068009615,0.767104345,0.235790705,-1,1,incorrect
11/2/2021,55.009998,55.009998,31.219999,32.16,32.16,216130200,2102,0.049921952,0.36199257,0.104806851,0.068596099,0.826611323,0.116086156,0.160467174,0.101468601,0.738072312,0.171083397,-1,-1,correct
12/2/2021,29.26,35.41,28.209999,29,29,121408400,567,0.042183089,0.33524038,0.099017637,0.07310582,0.827871252,0.09580388,0.151633157,0.108895944,0.739465608,0.13700776,-1,-1,correct
16/2/2021,30.99,36.349998,29.5,34.630001,34.630001,79099400,67,0.091785034,0.29720673,0.095432836,0.069268657,0.835358209,0.103116418,0.160014925,0.086268657,0.753731343,0.202498507,1,1,correct
17/2/2021,31.940001,33.400002,30.65,31.51,31.51,40167500,151,0.015383539,0.305078448,0.101370861,0.069735099,0.828907285,0.063531788,0.160523179,0.090165563,0.749317881,0.149030464,-1,-1,correct
18/2/2021,33.099998,35.139999,27.02,27.1,27.1,55362900,132,0.103446523,0.315633597,0.113227273,0.050530303,0.83625,0.154134091,0.198621212,0.076090909,0.725272727,0.265520455,-1,1,incorrect
19/2/2021,27.799999,29.9,27.309999,29.209999,29.209999,28026800,74,-0.003857315,0.353738679,0.076743243,0.05727027,0.866,-0.008882432,0.130837838,0.076581081,0.792594595,0.066518919,1,-1,incorrect
22/2/2021,27.34,28.870001,26.25,26.290001,26.290001,28022500,51,0.048887703,0.276992358,0.090196078,0.063411765,0.846392157,0.158372549,0.139980392,0.081745098,0.778352941,0.170198039,-1,-1,correct
23/2/2021,24.040001,24.950001,21.129999,24.790001,24.790001,27397600,49,0.113822055,0.34236208,0.089244898,0.057959184,0.85277551,0.126583673,0.164938776,0.081367347,0.753693878,0.266318367,1,1,correct
24/2/2021,25.33,28.280001,24.9,27.98,27.98,25906800,90,0.094364764,0.271100671,0.087044444,0.021166667,0.891811111,0.127106667,0.168055556,0.035833333,0.796133333,0.22323,1,1,correct
25/2/2021,26.9,27.73,24.299999,24.5,24.5,29849700,183,0.080787486,0.300177355,0.090409836,0.049125683,0.860459016,0.118262295,0.156666667,0.06289071,0.780420765,0.20867377,-1,1,incorrect
26/2/2021,25.049999,25.99,23.5,24.360001,24.360001,19372900,95,0.037620511,0.259927029,0.094252632,0.046694737,0.859052632,0.107441053,0.190368421,0.047978947,0.761652632,0.257074737,-1,1,incorrect
1/3/2021,25.120001,26.620001,24.77,25.559999,25.559999,14907300,9,-0.105920047,0.209800118,0.028333333,0.058111111,0.913666667,-0.122,0.051555556,0.061777778,0.886777778,-0.029966667,1,-1,incorrect
2/3/2021,26.16,29.6,25.469999,25.9,25.9,35070500,59,0.064643591,0.331789584,0.090474576,0.068932203,0.84059322,0.096342373,0.157237288,0.077237288,0.765525424,0.220152542,-1,1,incorrect
3/3/2021,26.58,27.1,24.719999,25.290001,25.290001,16434600,122,0.105286803,0.34163626,0.093106557,0.058172131,0.848713115,0.095642623,0.155491803,0.075229508,0.769262295,0.197772131,-1,1,incorrect
4/3/2021,24.950001,25.85,21.66,22.65,22.65,25796600,13,0.035202991,0.393418803,0.085384615,0.095769231,0.818846154,-0.015515385,0.178,0.097923077,0.724,0.111061538,-1,-1,correct
5/3/2021,22.99,23.219999,18.23,21.629999,21.629999,27012400,0,0,0,0,0,0,0,0,0,0,0,-1,-1,correct
8/3/2021,21.73,23.42,20.799999,22.42,22.42,18997900,9,0.130555556,0.288271605,0.160555556,0.059555556,0.779888889,0.085333333,0.313666667,0.065777778,0.620666667,0.337633333,1,1,correct
9/3/2021,23.23,25.040001,23.02,24.41,24.41,17739900,31,0.032060165,0.240738813,0.082774194,0.050774194,0.866516129,0.091893548,0.168709677,0.091419355,0.73983871,0.179854839,1,-1,incorrect
10/3/2021,26.74,27.110001,23.110001,24.1,24.1,27575000,36,0.036445775,0.250794309,0.1105,0.023277778,0.866222222,0.248616667,0.138666667,0.030555556,0.830805556,0.286611111,-1,1,incorrect
11/3/2021,24.77,28.299999,24.309999,28.200001,28.200001,38273200,146,0.030920091,0.245157157,0.085506849,0.038178082,0.876315068,0.069737671,0.148650685,0.049273973,0.802068493,0.185359589,1,1,correct
12/3/2021,26.280001,29.440001,25.66,27.57,27.57,40665300,112,0.043027978,0.25649131,0.078276786,0.052910714,0.868794643,0.062858036,0.146776786,0.071633929,0.781580357,0.126675893,1,-1,incorrect
15/3/2021,27.24,31.34,26.93,30.469999,30.469999,43471200,116,0.090331543,0.26669171,0.091577586,0.023318966,0.885112069,0.181741379,0.176577586,0.038310345,0.785077586,0.300888793,1,1,correct
16/3/2021,30.52,30.549999,26.17,26.969999,26.969999,42308100,78,0.076643902,0.318271695,0.111692308,0.05324359,0.835064103,0.110970513,0.155230769,0.064102564,0.780679487,0.144511538,-1,-1,correct
17/3/2021,25.790001,28.040001,25,27.469999,27.469999,20641800,14,0.041795163,0.201643046,0.129857143,0.0215,0.848642857,0.199857143,0.152428571,0.019714286,0.827857143,0.325414286,1,1,correct
18/3/2021,26.950001,28.139999,25.15,25.32,25.32,24905900,12,0.035050961,0.130090005,0.05083333,0.025791667,0.42333333,0.2120625,0.077916667,0.029416667,0.39708333,0.237458333,-1,1,incorrect
19/3/2021,25.450001,26.34,24.68,25.35,25.35,16057100,12,0.035050961,0.130090005,0.05083333,0.025791667,0.42333333,0.2120625,0.077916667,0.029416667,0.39708333,0.237458333,-1,1,incorrect
22/3/2021,25.549999,26.030001,23.82,23.9,23.9,16986000,12,0.035050961,0.130090005,0.05083333,0.025791667,0.42333333,0.2120625,0.077916667,0.029416667,0.39708333,0.237458333,-1,1,incorrect
23/3/2021,23.52,24.68,22.280001,23.219999,23.219999,24576800,12,0.035050961,0.130090005,0.05083333,0.025791667,0.42333333,0.2120625,0.077916667,0.029416667,0.39708333,0.237458333,-1,1,incorrect
24/3/2021,23.389999,24.48,22.1,22.190001,22.190001,25929400,12,0.035050961,0.130090005,0.05083333,0.025791667,0.42333333,0.2120625,0.077916667,0.029416667,0.39708333,0.237458333,-1,1,incorrect
25/3/2021,21.23,22.9,20.9,22.83,22.83,17471100,12,0.035050961,0.130090005,0.05083333,0.025791667,0.42333333,0.2120625,0.077916667,0.029416667,0.39708333,0.237458333,1,1,correct
26/3/2021,23.280001,23.370001,21.09,22.08,22.08,14216600,12,0.035050961,0.130090005,0.05083333,0.025791667,0.42333333,0.2120625,0.077916667,0.029416667,0.39708333,0.237458333,-1,1,incorrect
29/3/2021,22.15,23.35,21.559999,21.629999,21.629999,12267700,20,0.062153815,0.3101898,0.0493,0.05425,0.89635,0.02542,0.15825,0.07875,0.76295,0.22792,-1,1,incorrect
30/3/2021,21.620001,22.58,21.15,22.040001,22.040001,11488000,16,0.016927083,0.256510417,0.0705,0.0358125,0.8938125,0.06486875,0.159875,0.0465625,0.793625,0.1621125,1,-1,incorrect
31/3/2021,23.030001,24.129999,22.52,22.73,22.73,20987000,105,0.1283641,0.314239308,0.100904762,0.048190476,0.850866667,0.19814,0.19387619,0.050257143,0.755847619,0.341490476,-1,1,incorrect
1/4/2021,23.42,23.629999,22.15,22.34,22.34,12691800,31,0.112382698,0.354516129,0.09083871,0.061129032,0.848032258,0.089480645,0.191870968,0.071806452,0.736322581,0.304709677,-1,1,incorrect
5/4/2021,22.809999,22.85,21.620001,22.07,22.07,11486200,54,0.097418444,0.353127245,0.101203704,0.02312963,0.875666667,0.24067963,0.180111111,0.027277778,0.792648148,0.361775926,-1,1,incorrect
6/4/2021,21.809999,22.07,20.91,21.139999,21.139999,16494100,44,0.086543807,0.423225444,0.113,0.047386364,0.839590909,0.232465909,0.210022727,0.057295455,0.732681818,0.445334091,-1,1,incorrect
7/4/2021,20.93,20.98,19.57,19.76,19.76,18597900,85,0.088488944,0.321251976,0.094917647,0.059729412,0.845352941,0.116349412,0.163211765,0.060894118,0.775917647,0.252668235,-1,1,incorrect
8/4/2021,19.9,20.190001,19.08,19.77,19.77,13503500,82,0.025628474,0.262639996,0.07997561,0.075134146,0.844890244,0.037017073,0.15204878,0.079609756,0.768353659,0.1861,-1,1,incorrect
9/4/2021,19.700001,20.68,19.4,19.76,19.76,14099600,72,-0.000629891,0.26091573,0.092652778,0.063472222,0.843861111,0.058977778,0.179333333,0.07025,0.750402778,0.186686111,1,1,correct
12/4/2021,18,18.209999,17.1,17.190001,17.190001,27251700,63,0.013142371,0.247387076,0.071799116,0.073917929,0.42333333,0.023083434,0.145048485,0.085361364,0.769592298,0.107204874,-1,-1,correct
13/4/2021,16.389999,18.530001,16.280001,18.32,18.32,23514900,63,0.013142371,0.247387076,0.071799116,0.073917929,0.42333333,0.023083434,0.145048485,0.085361364,0.769592298,0.107204874,1,-1,incorrect
14/4/2021,18.09,18.129999,17.32,17.4,17.4,15412000,55,0.026914633,0.233858422,0.050945455,0.084363636,0.864690909,-0.012810909,0.110763636,0.100472727,0.788781818,0.027723636,-1,-1,correct
15/4/2021,17.68,18.450001,16.93,16.940001,16.940001,20269600,66,-0.043629255,0.364438501,0.083621212,0.134818182,0.781575758,-0.029806061,0.102954545,0.14569697,0.751393939,0.005063636,-1,-1,correct
16/4/2021,16.76,17.290001,16.26,17.200001,17.200001,12323100,40,0.108893676,0.287689432,0.10975,0.068175,0.822075,0.043165,0.13445,0.082225,0.783375,0.0945675,1,-1,incorrect
19/4/2021,17.26,18.49,16.870001,17.440001,17.440001,15933400,53,0.009876988,0.209024545,0.071679245,0.035245283,0.893075472,0.113113208,0.126207547,0.037396226,0.836396226,0.172822642,1,-1,incorrect
20/4/2021,18,18.200001,15.63,15.89,15.89,22046000,68,6.28E-05,0.300347521,0.088323529,0.086779412,0.824867647,0.012461765,0.160308824,0.101705882,0.737970588,0.116629412,-1,-1,correct
21/4/2021,15.53,16.82,15.17,16.82,16.82,13434600,23,0.065434783,0.320362319,0.116608696,0.05726087,0.826086957,0.147708696,0.199695652,0.063608696,0.736695652,0.286704348,1,1,correct
22/4/2021,17.040001,17.139999,16.129999,16.459999,16.459999,12333200,1,0.2,0.5,0.556,0,0.444,0.3612,0.556,0,0.444,0.3612,-1,1,incorrect
23/4/2021,16.51,17.27,16.219999,17.07,17.07,10367500,17,0.109769562,0.294507965,0.087294118,0.037588235,0.875117647,0.160441176,0.222941176,0.042529412,0.734529412,0.446070588,1,1,correct
26/4/2021,17.129999,17.860001,16.92,17.85,17.85,9902900,27,0.070486968,0.39420439,0.111407407,0.037777778,0.850814815,0.139318519,0.174333333,0.052407407,0.773222222,0.242218519,1,1,correct
27/4/2021,18.17,18.41,17.290001,17.719999,17.719999,13843300,36,0.118518278,0.276420014,0.115194444,0.0285,0.856277778,0.211116667,0.143416667,0.051611111,0.805,0.205347222,-1,1,incorrect
28/4/2021,17.790001,19.57,17.4,19.32,19.32,29235500,70,0.079277754,0.260749244,0.120714286,0.035514286,0.843757143,0.169224286,0.198357143,0.046485714,0.755157143,0.311251429,1,1,correct
29/4/2021,18.77,18.92,17.629999,18.65,18.65,25153200,31,0.012455197,0.309744624,0.084225806,0.069451613,0.846290323,0.049190323,0.137225806,0.084032258,0.778709677,0.139980645,-1,-1,correct
30/4/2021,18.280001,19.26,17.98,18.34,18.34,19253000,67,0.063536825,0.279945439,0.087835821,0.041776119,0.870402985,0.166308955,0.12941791,0.060432836,0.810119403,0.158714925,1,-1,incorrect
3/5/2021,18.559999,18.629999,16.860001,17.02,17.02,25517200,118,0.027506296,0.249319326,0.101966102,0.05520339,0.842830508,0.119490678,0.159338983,0.066110169,0.774559322,0.216689831,-1,1,incorrect
4/5/2021,16.66,17.02,15.86,16.1,16.1,25627400,54,0.022794743,0.332428307,0.087333333,0.060277778,0.85237037,0.036572222,0.120407407,0.094240741,0.78537037,0.040374074,-1,-1,correct
5/5/2021,16.18,16.66,15.87,15.9,15.9,21052700,64,0.003015084,0.286061959,0.043859375,0.0824375,0.87371875,-0.0235875,0.117984375,0.11846875,0.76353125,0.056228125,-1,-1,correct
6/5/2021,15.6,15.7,13.83,14.15,14.15,33695700,110,0.000179594,0.32694733,0.066645455,0.110045455,0.823309091,-0.044397273,0.115618182,0.157136364,0.727290909,-0.046279091,-1,-1,correct
7/5/2021,15.3,17.02,15.04,16.18,16.18,74836300,298,0.058610639,0.29307712,0.088600671,0.049667785,0.861718121,0.047190604,0.163083893,0.076728188,0.760184564,0.136037919,1,-1,incorrect
10/5/2021,16.4,16.43,14.87,15.04,15.04,30296100,82,0.014674665,0.224193327,0.073195122,0.062097561,0.864695122,0.020765854,0.131841463,0.113487805,0.754670732,0.013563415,-1,-1,correct
11/5/2021,13.9,15.71,13.82,15.66,15.66,28098200,36,0.064407204,0.331343895,0.079944444,0.101583333,0.8185,-0.024097222,0.187166667,0.10725,0.705611111,0.1341,1,-1,incorrect
12/5/2021,15.37,15.67,14.48,14.53,14.53,19927800,31,0.039191699,0.209048472,0.061,0.063,0.876,0.018303226,0.105741935,0.123806452,0.770419355,0.023016129,-1,-1,correct
13/5/2021,14.64,15.12,13.41,13.68,13.68,25921400,52,-0.01895668,0.390511167,0.101269231,0.109019231,0.78975,0.016638462,0.157057692,0.139519231,0.703423077,0.068078846,-1,-1,correct
14/5/2021,13.96,14.46,13.69,13.93,13.93,22006000,29,0.102583584,0.327186873,0.117724138,0.067103448,0.815172414,0.037924138,0.190482759,0.065413793,0.744103448,0.232844828,-1,1,incorrect
17/5/2021,14,15.18,13.75,15.16,15.16,24051200,51,0.042043184,0.182471678,0.095019608,0.008627451,0.896372549,0.122154902,0.178607843,0.051352941,0.770039216,0.175090196,1,-1,incorrect
18/5/2021,15.05,15.87,14.85,15.58,15.58,18873800,37,0.092694123,0.188843486,0.108783784,0.022621622,0.868567568,0.175432432,0.148783784,0.027567568,0.823621622,0.209394595,1,1,correct
19/5/2021,15.05,15.31,14.68,15.02,15.02,15473600,14,0.015337302,0.202103175,0.073428571,0.034571429,0.892071429,0.018692857,0.145642857,0.079714286,0.774714286,-0.006385714,-1,-1,correct
20/5/2021,15.1,15.56,14.79,14.94,14.94,16572200,25,0.133805051,0.260043001,0.08924,0.03688,0.87388,0.162548,0.16468,0.04856,0.78684,0.31466,-1,1,incorrect
21/5/2021,15.08,15.44,14.77,15.23,15.23,15448100,25,0.083257143,0.34423254,0.09604,0.05876,0.84524,0.063356,0.18372,0.0636,0.75272,0.22612,1,1,correct
24/5/2021,15.25,15.44,14.62,15.03,15.03,15548100,22,-0.057007958,0.355391797,0.056318182,0.101681818,0.842,-0.031709091,0.135545455,0.114818182,0.749590909,0.038768182,-1,-1,correct
25/5/2021,15.09,16.459999,15.07,15.46,15.46,33255500,75,0.061655067,0.243071543,0.070986667,0.031826667,0.8972,0.119292,0.17556,0.04652,0.777906667,0.251954667,1,1,correct
26/5/2021,15.76,16.73,15.49,16.67,16.67,23650200,131,0.053388273,0.178858458,0.05019084,0.01948855,0.930320611,0.05878855,0.117022901,0.036244275,0.846748092,0.153570229,1,-1,incorrect
27/5/2021,17,17.200001,16.16,17.17,17.17,28424000,235,0.066917133,0.178289146,0.07947234,0.032455319,0.888068085,0.095628936,0.142761702,0.038523404,0.818719149,0.186234468,1,1,correct
28/5/2021,17.16,18.74,16.67,16.67,16.67,65329400,493,0.031126068,0.180805356,0.070231237,0.038091278,0.8916714,0.054032252,0.161411765,0.044421907,0.794166329,0.166367748,-1,-1,correct
1/6/2021,17.129999,17.74,16.700001,16.98,16.98,23584600,118,0.050049618,0.218390977,0.077288136,0.036983051,0.885720339,0.089561017,0.153161017,0.054118644,0.792694915,0.178225424,-1,-1,correct
2/6/2021,17.25,19.139999,17.139999,19,19,47991300,519,0.053817087,0.205154684,0.078905588,0.028015414,0.893080925,0.093501349,0.143123314,0.039067437,0.817811175,0.178760308,1,-1,incorrect
3/6/2021,20.67,22.139999,19.1,19.719999,19.719999,84607700,932,0.050152524,0.210284758,0.080854077,0.036630901,0.882516094,0.091513519,0.158182403,0.044034335,0.797783262,0.205033906,-1,1,incorrect
4/6/2021,20.209999,20.469999,18.42,18.799999,18.799999,35885800,445,0.05132297,0.236828703,0.094462921,0.049373034,0.856177528,0.079643146,0.158716854,0.061683146,0.779608989,0.162392135,-1,-1,correct
7/6/2021,19.07,20.18,18.530001,19.719999,19.719999,34434700,437,0.075204035,0.200452257,0.091324943,0.029748284,0.878933638,0.112108467,0.158155606,0.036546911,0.805304348,0.203367506,1,1,correct
8/6/2021,20.209999,20.51,19.27,20.219999,20.219999,30400300,532,0.070181219,0.252739829,0.092789474,0.037381579,0.869825188,0.112809211,0.17306015,0.043719925,0.783218045,0.231114098,1,1,correct
9/6/2021,20.67,23.040001,20.43,21.43,21.43,85875600,1281,0.057593805,0.258763642,0.098154567,0.04620687,0.855640125,0.094147853,0.177671351,0.051520687,0.770813427,0.22321171,1,1,correct
10/6/2021,21.4,21.440001,19.790001,20.049999,20.049999,33839100,468,0.060106494,0.25919297,0.108775641,0.051104701,0.840113248,0.113329487,0.187032051,0.060880342,0.752070513,0.236965385,-1,1,incorrect
11/6/2021,19.9,20.200001,19.360001,19.889999,19.889999,22581700,272,0.052982248,0.201236797,0.102341912,0.044584559,0.853080882,0.100663235,0.177595588,0.060393382,0.762,0.178859559,-1,-1,correct
14/6/2021,19.9,20.299999,18.879999,19.16,19.16,27324700,254,0.090213006,0.285106787,0.112602362,0.052586614,0.83480315,0.120695276,0.196889764,0.058511811,0.744594488,0.245314567,-1,1,incorrect
15/6/2021,18.700001,19.25,17.83,17.98,17.98,28584300,200,0.060239913,0.310572853,0.10752,0.069855,0.822615,0.090884,0.183185,0.074845,0.741975,0.2208675,-1,1,incorrect
16/6/2021,17.92,18.690001,17.639999,18.129999,18.129999,22690500,181,0.048155408,0.300482542,0.102977901,0.053917127,0.843121547,0.093829282,0.182143646,0.066657459,0.75121547,0.212175138,1,1,correct
17/6/2021,18.02,18.360001,17.41,17.469999,17.469999,20519700,117,0.03234428,0.286562477,0.106940171,0.069478632,0.823606838,0.072003419,0.159897436,0.083888889,0.756247863,0.129281197,-1,-1,correct
18/6/2021,17.5,17.76,16.84,16.91,16.91,19100300,99,0.062382295,0.321048476,0.099818182,0.077444444,0.822727273,0.079285859,0.16289899,0.086818182,0.750272727,0.160152525,-1,-1,correct
21/6/2021,16.809999,17.5,16.32,17.370001,17.370001,21618900,185,0.066358103,0.30900662,0.111421622,0.0458,0.842772973,0.124103784,0.203118919,0.056778378,0.740064865,0.279471351,1,1,correct
22/6/2021,17.25,17.49,16.84,17.43,17.43,13103900,102,0.096033171,0.269010277,0.10704902,0.02345098,0.869490196,0.135697059,0.201970588,0.035803922,0.762215686,0.268063725,1,1,correct
23/6/2021,17.610001,18.17,17.440001,17.610001,17.610001,15644500,139,0.090235185,0.274553728,0.112374101,0.026640288,0.861,0.158523022,0.198266187,0.030467626,0.771294964,0.293656835,1,1,correct
24/6/2021,17.959999,18.68,17.719999,18.26,18.26,20425500,190,0.082239363,0.207938157,0.074847368,0.039136842,0.886010526,0.083242632,0.153973684,0.049331579,0.796668421,0.187741053,1,1,correct
25/6/2021,18.16,18.370001,17.74,18.200001,18.200001,14548100,105,0.067381236,0.240773476,0.085942857,0.044447619,0.869619048,0.097245714,0.171780952,0.052419048,0.7758,0.220264762,1,1,correct
28/6/2021,18.18,19.139999,18.040001,18.629999,18.629999,20750500,97,0.110014623,0.202397713,0.083938144,0.026340206,0.889701031,0.141983505,0.149381443,0.034701031,0.815907216,0.22607732,1,1,correct
29/6/2021,18.67,19.24,17.780001,17.860001,17.860001,20315400,120,0.076734092,0.295531448,0.093841667,0.048141667,0.858,0.114351667,0.153308333,0.066833333,0.779841667,0.196075,-1,1,incorrect
30/6/2021,17.9,18.4,17.280001,18.08,18.08,25452600,87,0.043574075,0.407347911,0.11783908,0.070505747,0.811678161,0.088231034,0.174770115,0.087195402,0.738011494,0.153855172,1,-1,incorrect
1/7/2021,18.030001,18.450001,17.6,17.84,17.84,16278000,60,0.028011168,0.230465578,0.0909,0.04705,0.86205,0.093768333,0.167133333,0.059533333,0.773316667,0.172543333,-1,-1,correct
2/7/2021,17.83,17.91,17.190001,17.23,17.23,13154500,27,0.019233172,0.361267269,0.139074074,0.071444444,0.789481481,0.174451852,0.182925926,0.095333333,0.721740741,0.244207407,-1,1,incorrect
6/7/2021,17.139999,17.48,16.690001,16.719999,16.719999,12756900,32,0.118043981,0.247079475,0.1114375,0.05271875,0.83584375,0.068925,0.2050625,0.0733125,0.72159375,0.18589375,-1,1,incorrect
7/7/2021,16.75,16.940001,15.84,16.23,16.23,19486700,39,0.025068604,0.375700349,0.113128205,0.067282051,0.819538462,0.046458974,0.173487179,0.106538462,0.719948718,0.096225641,-1,-1,correct
8/7/2021,15.48,16.389999,15.41,16.25,16.25,12901900,34,0.098326578,0.333851824,0.116029412,0.086882353,0.797088235,0.012079412,0.153235294,0.097705882,0.749147059,0.085879412,1,-1,incorrect
9/7/2021,16.24,16.370001,15.85,16.17,16.17,11851200,20,0.076256944,0.257493056,0.0622,0.0486,0.8892,0.02257,0.12,0.06055,0.81945,0.17017,-1,-1,correct
12/7/2021,16.02,16.389999,15.73,16.24,16.24,11637400,35,0.031197765,0.318580337,0.095514286,0.064114286,0.840371429,0.02562,0.190114286,0.067771429,0.742057143,0.186574286,1,1,correct
13/7/2021,16.5,17.42,16.190001,16.32,16.32,26745900,179,0.042662657,0.236470926,0.097212291,0.039854749,0.862955307,0.107000559,0.178206704,0.048094972,0.77372067,0.230034637,-1,1,incorrect
14/7/2021,16.76,16.799999,14.95,15.01,15.01,27927000,136,0.032374006,0.359872481,0.088911765,0.072897059,0.838235294,0.051369853,0.184095588,0.087455882,0.728463235,0.183247059,-1,1,incorrect
15/7/2021,14.97,15.34,13.97,14.4,14.4,24352300,69,-0.01954823,0.38400714,0.089318841,0.134289855,0.776405797,-0.085097101,0.16942029,0.146521739,0.684028986,0.040784058,-1,-1,correct
16/7/2021,14.37,14.62,13.72,13.91,13.91,20527900,49,0.080719734,0.326180758,0.102612245,0.09055102,0.80677551,0.029102041,0.142877551,0.099897959,0.757204082,0.075867347,-1,-1,correct
19/7/2021,13.36,13.79,13.19,13.6,13.6,21065900,26,0.039243234,0.426972934,0.094923077,0.144269231,0.760923077,-0.063842308,0.172846154,0.146807692,0.680384615,0.033084615,1,-1,incorrect
20/7/2021,13.64,14.24,13.03,14.16,14.16,17667400,29,0.173743953,0.404876903,0.152517241,0.117344828,0.730137931,0.088096552,0.201793103,0.129793103,0.66837931,0.142410345,1,-1,incorrect
21/7/2021,14.16,14.89,13.94,14.6,14.6,15887200,46,0.059098018,0.330295686,0.128891304,0.048782609,0.822282609,0.08528913,0.160130435,0.058391304,0.781456522,0.133432609,1,-1,incorrect
22/7/2021,14.45,14.53,13.77,13.88,13.88,13232300,39,-0.029761871,0.268757959,0.094487179,0.098282051,0.807205128,-0.021864103,0.223948718,0.109692308,0.666358974,0.170166667,-1,-1,correct
23/7/2021,13.96,13.96,13.26,13.59,13.59,12735300,33,-0.087022382,0.355432286,0.071939394,0.079727273,0.848333333,0.002739394,0.156393939,0.095,0.748545455,0.120115152,-1,-1,correct
26/7/2021,13.45,14.13,13.24,13.7,13.7,13567300,36,0.083954365,0.233238696,0.076583333,0.033527778,0.889916667,0.120527778,0.123972222,0.064361111,0.811694444,0.164341667,1,-1,incorrect
27/7/2021,13.49,13.65,12.54,12.73,12.73,24500600,55,0.027795028,0.367034468,0.135836364,0.103763636,0.760418182,0.096781818,0.192527273,0.160109091,0.647381818,0.101301818,-1,-1,correct
28/7/2021,14.27,16.49,14.02,16.01,16.01,116127500,568,0.059337168,0.30014905,0.099757042,0.064091549,0.836149648,0.079045775,0.15884507,0.112174296,0.728982394,0.100755106,1,-1,incorrect
29/7/2021,16.610001,16.67,15.28,15.42,15.42,46247200,227,0.075508845,0.272510502,0.102656388,0.05638326,0.840955947,0.085553744,0.159220264,0.083132159,0.757647577,0.155768722,-1,-1,correct
30/7/2021,15.03,15.51,14.42,14.61,14.61,22117400,48,-0.003831803,0.381599884,0.0906875,0.1120625,0.79725,0.021747917,0.133916667,0.217625,0.648479167,-0.056810417,-1,-1,correct
2/8/2021,14.66,15.25,14.44,14.61,14.61,13522000,24,0.062952178,0.285361427,0.073083333,0.036708333,0.890208333,0.0931875,0.113958333,0.040666667,0.845375,0.125654167,-1,-1,correct
3/8/2021,14.55,14.58,13.92,14.25,14.25,14151900,14,0.079228316,0.346922477,0.118142857,0.071428571,0.810428571,0.142035714,0.182714286,0.110357143,0.706857143,0.17515,-1,-1,correct
4/8/2021,14.11,14.57,13.88,13.96,13.96,16313000,21,0.130806878,0.392854308,0.126047619,0.049904762,0.824,0.112819048,0.20852381,0.075809524,0.715619048,0.356238095,-1,1,incorrect
5/8/2021,13.99,14.75,13.88,14.47,14.47,17031900,31,0.207213137,0.387785592,0.107451613,0.022806452,0.869709677,0.237041935,0.196774194,0.060645161,0.742548387,0.247335484,1,1,correct
6/8/2021,14.54,14.64,14.1,14.42,14.42,11634600,13,0.243418803,0.496948006,0.171384615,0.088,0.740615385,0.249353846,0.179538462,0.087615385,0.732923077,0.307315385,-1,1,incorrect
9/8/2021,14.28,14.71,13.88,14.71,14.71,14547100,17,0.192376369,0.394225787,0.091058824,0.108647059,0.800294118,-0.0371,0.177647059,0.131705882,0.690647059,0.050594118,1,-1,incorrect
10/8/2021,14.61,15.21,14.45,14.79,14.79,13606800,4,0.05,0.258333333,0.13975,0.02325,0.83725,0.0974,0.173,0.0205,0.8065,0.297025,1,1,correct
11/8/2021,14.81,14.81,14.27,14.3,14.3,9320200,7,0.073502886,0.191237374,0.078857143,0.006571429,0.914571429,0.289571429,0.083714286,0.006571429,0.909714286,0.330128571,-1,1,incorrect
12/8/2021,14.28,14.33,13.92,14.1,14.1,9048200,13,0.142307692,0.173076923,0.124769231,0.045076923,0.830230769,0.090692308,0.185,0.041692308,0.773461538,0.216023077,-1,1,incorrect
13/8/2021,14.05,14.05,13.24,13.3,13.3,16550300,11,-0.154261364,0.379924242,0.031545455,0.250090909,0.718363636,-0.152563636,0.077,0.291454545,0.631545455,-0.141490909,-1,-1,correct
16/8/2021,13.23,13.53,13.02,13.12,13.12,12986900,10,0.084285714,0.365952381,0.1396,0.0838,0.7766,0.11407,0.2132,0.1191,0.6678,0.11488,-1,-1,correct
17/8/2021,12.96,13.36,12.78,13.12,13.12,16146400,82,0.051216175,0.315698899,0.134780488,0.076560976,0.788646341,0.105032927,0.191280488,0.09752439,0.711170732,0.165631707,1,-1,incorrect
18/8/2021,13.91,14.06,13.17,13.26,13.26,31537500,95,0.093842313,0.326072302,0.1132,0.040884211,0.845873684,0.129584211,0.191378947,0.068494737,0.740063158,0.217173684,-1,1,incorrect
19/8/2021,13.04,13.36,12.62,12.68,12.68,18242500,39,0.026580711,0.324888792,0.077897436,0.117307692,0.804794872,-0.077582051,0.182820513,0.156307692,0.660820513,0.082941026,-1,-1,correct
20/8/2021,12.8,13.04,12.55,12.83,12.83,12787700,20,0.131125,0.4295,0.17955,0.0632,0.7573,0.24838,0.257,0.0679,0.6751,0.341875,1,1,correct
23/8/2021,12.93,13.42,12.8,13.37,13.37,12749700,15,0.061624579,0.206200096,0.0942,0.023,0.8828,0.150773333,0.1054,0.0582,0.8364,0.101213333,1,-1,incorrect
24/8/2021,13.44,13.81,13.25,13.81,13.81,12649000,19,-0.080136895,0.312579745,0.124263158,0.13,0.745736842,0.074610526,0.165789474,0.146,0.688210526,0.112136842,1,-1,incorrect
25/8/2021,13.67,13.82,13.37,13.54,13.54,11390800,9,0.162566138,0.505996473,0.087111111,0.1,0.813,-0.0671,0.134666667,0.094222222,0.771222222,0.165077778,-1,-1,correct
26/8/2021,13.45,13.77,13.06,13.25,13.25,16502500,15,0.000487654,0.330253086,0.052266667,0.117066667,0.8306,-0.180913333,0.120466667,0.120266667,0.759266667,-0.123673333,-1,-1,correct
27/8/2021,13.22,13.64,13.12,13.42,13.42,10619900,7,0.026020408,0.089795918,0.104571429,0.029,0.866428571,0.1585,0.102714286,0.040714286,0.856428571,0.044557143,1,-1,incorrect
30/8/2021,13.51,13.51,12.9,13.13,13.13,12907800,7,-0.145189504,0.326409135,0.056857143,0.076857143,0.866142857,-0.0968,0.335571429,0.090285714,0.574285714,0.339942857,-1,1,incorrect
31/8/2021,13.09,14.19,12.96,13.69,13.69,20161000,75,0.052142256,0.259637326,0.084866667,0.04792,0.867213333,0.042557333,0.17276,0.067933333,0.759306667,0.115624,1,-1,incorrect
1/9/2021,13.74,14.2,13.51,13.57,13.57,13943600,18,0.135510742,0.342915785,0.158222222,0.077,0.764777778,0.199577778,0.228444444,0.100222222,0.671277778,0.227527778,-1,1,incorrect
2/9/2021,13.66,14.27,13.45,13.85,13.85,17892200,35,0.06086686,0.265260771,0.071857143,0.024285714,0.903857143,0.06708,0.1488,0.042885714,0.808314286,0.151585714,1,-1,incorrect
3/9/2021,13.75,14.16,13.44,13.59,13.59,13665700,9,0.011111111,0.2,0.054666667,0.157111111,0.788222222,-0.135033333,0.163,0.157111111,0.679888889,0.023633333,-1,-1,correct
7/9/2021,13.6,13.67,13.17,13.3,13.3,12900500,18,-0.075189854,0.273154373,0.073055556,0.091611111,0.835388889,-0.031883333,0.120833333,0.092388889,0.786833333,0.0867,-1,-1,correct
8/9/2021,13.22,13.33,12.77,12.8,12.8,14441300,12,-0.042071058,0.27288966,0.094166667,0.096916667,0.809,0.101183333,0.118416667,0.096416667,0.785333333,0.154958333,-1,-1,correct
9/9/2021,12.94,13.15,12.76,12.86,12.86,12649000,8,0.252604167,0.43359375,0.272875,0.121625,0.6055,0.053775,0.3115,0.1155,0.573125,0.109025,-1,-1,correct
10/9/2021,12.96,12.96,12.4,12.41,12.41,18407600,20,0.004454365,0.260515873,0.091,0.05025,0.85875,0.063235,0.2064,0.054,0.73955,0.32381,-1,1,incorrect
13/9/2021,12.44,12.47,11.92,12.23,12.23,16030700,17,0.019327731,0.29789916,0.040117647,0.068352941,0.891529412,-0.062935294,0.086705882,0.087352941,0.825882353,0.001135294,-1,-1,correct
14/9/2021,12.26,12.31,11.72,11.74,11.74,16072900,31,0.004139785,0.296129032,0.107258065,0.154322581,0.738419355,-0.06486129,0.143451613,0.160967742,0.695612903,-0.032109677,-1,-1,correct
15/9/2021,11.76,12.19,11.68,12.03,12.03,12982400,15,0.041893188,0.338460648,0.1326,0.080866667,0.7866,0.174413333,0.162266667,0.1034,0.734333333,0.20206,1,1,correct
16/9/2021,12,12.24,11.9,12.01,12.01,9316000,13,0.038675214,0.235470085,0.066538462,0.076230769,0.857153846,-0.040730769,0.193769231,0.062461538,0.743692308,0.304838462,1,1,correct
17/9/2021,12,12.2,11.75,12.17,12.17,13644900,9,-0.007407407,0.372222222,0.072666667,0.119333333,0.808,-0.076755556,0.256,0.141111111,0.602888889,0.162844444,1,-1,incorrect
20/9/2021,11.76,11.77,11.02,11.23,11.23,25536800,13,0.107692308,0.307692308,0.097461538,0.020923077,0.881615385,0.206138462,0.124923077,0.140461538,0.734461538,0.042892308,-1,-1,correct
21/9/2021,11.23,11.54,11.03,11.22,11.22,19702500,18,0.103582451,0.344036596,0.138111111,0.099333333,0.762611111,0.077138889,0.221555556,0.116333333,0.662166667,0.194538889,-1,1,incorrect
22/9/2021,11.28,11.88,11.25,11.63,11.63,16297000,31,0.063186124,0.385807732,0.12,0.064774194,0.815225806,0.133654839,0.192290323,0.079064516,0.728580645,0.205803226,1,1,correct
23/9/2021,12.2,12.4,11.87,12.02,12.02,21476600,59,0.030928504,0.334903178,0.107050847,0.090677966,0.802271186,-0.010854237,0.180050847,0.10640678,0.713525424,0.1346,-1,-1,correct
24/9/2021,11.85,11.98,11.64,11.67,11.67,13173400,26,0.050951677,0.293665352,0.071076923,0.082384615,0.8465,-0.046211538,0.166153846,0.091923077,0.741884615,0.063988462,-1,-1,correct
27/9/2021,11.7,12.27,11.65,12.22,12.22,14941700,31,0.031068868,0.260981396,0.089354839,0.031322581,0.879290323,0.150248387,0.212290323,0.057129032,0.730580645,0.290403226,1,1,correct
28/9/2021,12.04,12.19,11.6,11.63,11.63,17537500,8,0.143055556,0.261111111,0.057125,0.092875,0.850125,-0.00875,0.150625,0.150625,0.698875,0.1422875,-1,-1,correct
29/9/2021,11.73,11.77,11.09,11.11,11.11,17441800,18,-0.00650169,0.381479644,0.077777778,0.137555556,0.784666667,-0.144877778,0.175777778,0.165833333,0.658388889,-0.021977778,-1,-1,correct
30/9/2021,11.17,11.53,10.95,11.29,11.29,20291000,43,0.121444085,0.372299979,0.08927907,0.049627907,0.861139535,0.083416279,0.20072093,0.057813953,0.741488372,0.316737209,1,1,correct
1/10/2021,11.29,11.37,10.84,11.15,11.15,18180300,29,0.077912829,0.429978001,0.142655172,0.069758621,0.787586207,0.225086207,0.172103448,0.109172414,0.718724138,0.072762069,-1,-1,correct
4/10/2021,11.02,11.11,10.68,10.74,10.74,14980700,117,0.067183087,0.259312047,0.086367521,0.036512821,0.877128205,0.114819658,0.201735043,0.066282051,0.731982906,0.2461,-1,1,incorrect
5/10/2021,10.75,11.34,10.68,11.1,11.1,18162500,186,0.08610868,0.277385389,0.1015,0.051629032,0.846860215,0.096960215,0.208919355,0.071172043,0.719892473,0.22108172,1,1,correct
6/10/2021,10.9,10.94,10.68,10.79,10.79,18595400,165,0.101306908,0.285369406,0.123169697,0.049866667,0.826969697,0.177530303,0.211466667,0.073369697,0.715175758,0.309427273,-1,1,incorrect
7/10/2021,10.82,11.42,10.37,11.02,11.02,34914000,295,0.060564491,0.296838039,0.094705085,0.066094915,0.8392,0.059115254,0.162064407,0.096857627,0.741061017,0.127527797,1,-1,incorrect
8/10/2021,10.85,11.08,10.46,10.49,10.49,20199900,95,0.110822935,0.338602822,0.119789474,0.073652632,0.806547368,0.067077895,0.192063158,0.086021053,0.721915789,0.181694737,-1,1,incorrect
11/10/2021,10.37,10.61,10.15,10.16,10.16,12642500,35,0.042117734,0.278248901,0.0848,0.088257143,0.826914286,0.02468,0.1264,0.121485714,0.7522,0.064777143,-1,-1,correct
12/10/2021,10.16,10.56,10.12,10.28,10.28,13749900,24,-0.003769015,0.302367725,0.107666667,0.031208333,0.861125,0.052033333,0.202,0.057958333,0.740083333,0.1893875,1,1,correct
13/10/2021,10.34,10.54,10.2,10.29,10.29,10136900,24,0.052886518,0.186176239,0.055291667,0.023166667,0.921583333,0.153304167,0.227041667,0.033333333,0.739625,0.3353875,-1,1,incorrect
14/10/2021,10.42,10.81,10.37,10.39,10.39,14890300,28,0.057190724,0.249461227,0.080357143,0.088285714,0.831392857,-0.009207143,0.201464286,0.102857143,0.69575,0.1916,-1,1,incorrect
15/10/2021,10.46,10.53,10.19,10.24,10.24,13082200,14,-0.011414657,0.304677901,0.061142857,0.023857143,0.915,0.090785714,0.162214286,0.037357143,0.800428571,0.171628571,-1,-1,correct
18/10/2021,10.21,10.24,9.98,10.07,10.07,13975100,21,0.017478387,0.343734883,0.083761905,0.082666667,0.833571429,0.004738095,0.18247619,0.087761905,0.729761905,0.21627619,-1,1,incorrect
19/10/2021,10.17,11.83,10.03,11.66,11.66,68798000,257,0.019666063,0.24698016,0.088377432,0.059311284,0.852307393,0.050784436,0.174373541,0.070875486,0.754758755,0.17366537,1,-1,incorrect
20/10/2021,11.55,11.8,11.02,11.59,11.59,44082000,156,0.029994205,0.225047989,0.070634615,0.044397436,0.884955128,0.065621795,0.180326923,0.061839744,0.757833333,0.194416667,1,1,correct
21/10/2021,11.46,12.16,11.42,11.56,11.56,30666900,84,0.018382242,0.228275484,0.095035714,0.04022619,0.864738095,0.078657143,0.190071429,0.049464286,0.760464286,0.208640476,1,1,correct
22/10/2021,11.53,11.53,10.94,11.08,11.08,18841500,27,0.025880364,0.302298832,0.108,0.049851852,0.842222222,0.157025926,0.217,0.079740741,0.703296296,0.304551852,-1,1,incorrect
25/10/2021,11.05,11.29,10.88,11,11,13868500,8,0.042354911,0.140873016,0.012875,0.004625,0.9825,0.0047,0.2605,0.0155,0.724,0.2815625,-1,1,incorrect
26/10/2021,11.07,11.14,10.58,10.71,10.71,15137800,19,0.080793129,0.217937472,0.091157895,0.049,0.859789474,0.094926316,0.146578947,0.064736842,0.788631579,0.158647368,-1,-1,correct
27/10/2021,10.7,10.83,10.29,10.3,10.3,15093900,20,0.006700758,0.282491162,0.08595,0.0886,0.82545,0.004765,0.15535,0.0989,0.7458,0.137695,-1,-1,correct
28/10/2021,10.33,10.57,10.19,10.5,10.5,11171600,15,0.114055556,0.240507937,0.125,0.068533333,0.806466667,0.068293333,0.2552,0.076733333,0.6682,0.248986667,1,1,correct
29/10/2021,10.43,10.64,10.22,10.3,10.3,11177500,14,0.087556689,0.277399849,0.072642857,0.025142857,0.902214286,0.0874,0.204142857,0.052214286,0.743642857,0.275135714,-1,1,incorrect
1/11/2021,10.24,10.88,10.1,10.75,10.75,17396100,23,0.104220073,0.18250894,0.118695652,0.020086957,0.861173913,0.144152174,0.238782609,0.086086957,0.675043478,0.157108696,1,-1,incorrect
2/11/2021,10.72,10.73,10.24,10.42,10.42,14972500,26,0.038074217,0.328984418,0.122576923,0.052807692,0.824615385,0.188946154,0.202038462,0.064346154,0.733615385,0.260215385,-1,1,incorrect
3/11/2021,10.38,11.09,10.32,10.86,10.86,17924500,18,-0.036111111,0.111111111,0.051055556,0.098944444,0.85,-0.060361111,0.159611111,0.112055556,0.728333333,0.058566667,1,-1,incorrect
4/11/2021,11.13,11.28,10.7,10.81,10.81,14915500,20,0.153125,0.279166667,0.15165,0.0349,0.81345,0.161685,0.21645,0.03305,0.7505,0.267825,-1,1,incorrect
5/11/2021,10.75,10.77,10.16,10.7,10.7,23511900,34,0.059128318,0.269162707,0.094470588,0.072058824,0.833382353,0.104097059,0.186647059,0.081058824,0.732323529,0.189967647,-1,1,incorrect
8/11/2021,10.74,12.57,10.69,12.37,12.37,48931600,147,0.069563597,0.26885607,0.075462585,0.037993197,0.886530612,0.090142177,0.143204082,0.052346939,0.80444898,0.173040816,1,-1,incorrect
9/11/2021,12.14,12.71,11.51,12.38,12.38,33221600,85,0.027529483,0.212764253,0.082258824,0.039458824,0.878294118,0.055814118,0.177611765,0.064094118,0.758270588,0.159307059,1,-1,incorrect
10/11/2021,11.99,12.45,11.4,11.52,11.52,21170700,18,0.038857728,0.247013798,0.054,0.055111111,0.890888889,-0.021055556,0.157388889,0.051722222,0.790833333,0.108327778,-1,-1,correct
11/11/2021,11.67,12.13,11.57,11.86,11.86,17104100,14,0.148214286,0.366666667,0.096285714,0.046142857,0.857642857,0.065764286,0.108357143,0.046142857,0.845571429,0.085,1,-1,incorrect
12/11/2021,12.57,13.07,12.11,12.94,12.94,56022300,109,0.058800753,0.185229076,0.076137615,0.031981651,0.891899083,0.101624771,0.150018349,0.036926606,0.813082569,0.188749541,1,1,correct
15/11/2021,13.37,13.95,12.97,13.03,13.03,61294100,205,0.047774124,0.232222109,0.081087805,0.045180488,0.873736585,0.055832195,0.183668293,0.056985366,0.759331707,0.213773659,-1,1,incorrect
16/11/2021,12.78,13.3,12.26,12.97,12.97,28670000,91,0.083163371,0.264215487,0.099362637,0.059032967,0.841582418,0.107247253,0.167406593,0.062846154,0.769725275,0.223393407,1,1,correct
17/11/2021,12.73,13.15,12.3,12.34,12.34,16254700,36,0.034784886,0.178437617,0.031388889,0.073055556,0.895555556,-0.040061111,0.212027778,0.077722222,0.710277778,0.180644444,-1,1,incorrect
18/11/2021,11.92,12.14,10.7,10.9,10.9,42792400,109,0.034868938,0.40002603,0.099229358,0.092394495,0.80840367,0.035295413,0.19433945,0.111100917,0.694577982,0.15030367,-1,-1,correct
19/11/2021,11.2,11.4,10.7,10.93,10.93,24096900,145,0.069100971,0.255107196,0.085903448,0.035275862,0.878793103,0.127777241,0.164565517,0.051172414,0.784268966,0.217750345,-1,1,incorrect
22/11/2021,11.2,11.2,10.22,10.49,10.49,23342600,59,0.060131546,0.295784515,0.116627119,0.069355932,0.814033898,0.089710169,0.240661017,0.073610169,0.685779661,0.282913559,-1,1,incorrect
23/11/2021,10.47,10.91,10.24,10.5,10.5,18239100,24,-0.036425678,0.314228257,0.076458333,0.076375,0.847166667,0.065533333,0.173958333,0.103541667,0.722541667,0.239891667,1,1,correct
24/11/2021,10.53,11.05,10.32,10.9,10.9,15538500,49,0.048061445,0.288358365,0.10122449,0.024857143,0.873938776,0.144138776,0.181918367,0.024204082,0.793897959,0.272630612,1,1,correct
26/11/2021,10.43,10.73,10.3,10.57,10.57,12165000,12,-0.010821759,0.438136574,0.12875,0.07075,0.800583333,0.092575,0.237,0.072833333,0.69025,0.263366667,1,1,correct